batter,ACI,ACI_HUNT,ACI_2K,ACI_RISP,Pitches,ACI_20,ACI_40,ACI_80,player_name,batting_team
696100,0.364,0.363,0.371,0.387,1140,0.396,0.402,0.412,hunter goodman,COL
678391,0.363,0.376,0.342,0.331,575,0.44,0.481,0.488,jorbit vivas,WSH
673357,0.363,0.345,0.408,0.382,455,0.354,0.458,0.407,luis robert,NYM
682663,0.359,0.279,0.465,0.326,551,0.426,0.383,0.345,agustín ramírez,MIA
660670,0.354,0.319,0.451,0.327,1000,0.399,0.431,0.409,ronald acuña,ATL
691781,0.352,0.324,0.375,0.381,711,0.541,0.494,0.443,brady house,WSH
680779,0.351,0.279,0.383,0.322,575,0.449,0.387,0.352,henry davis,PIT
595978,0.349,0.284,0.446,0.326,450,0.383,0.435,0.4,austin hedges,CLE
668723,0.348,0.318,0.374,0.339,577,0.448,0.372,0.388,ryan vilade,TB
676694,0.348,0.349,0.376,0.346,463,0.41,0.403,0.435,jake meyers,HOU
682657,0.347,0.314,0.294,0.364,966,0.312,0.385,0.401,angel martínez,CLE
643217,0.345,0.361,0.338,0.348,932,0.323,0.355,0.345,andrew benintendi,CWS
693304,0.342,0.318,0.337,0.319,1052,0.359,0.348,0.384,nick gonzales,PIT
572233,0.34,0.291,0.41,0.339,1221,0.386,0.423,0.434,christian walker,HOU
666176,0.336,0.338,0.332,0.346,1243,0.355,0.388,0.402,jo adell,LAA
668709,0.336,0.307,0.398,0.327,757,0.45,0.499,0.42,jj bleday,CIN
665750,0.335,0.285,0.395,0.4,899,0.38,0.372,0.387,leody taveras,BAL
669127,0.332,0.332,0.347,0.311,1126,0.344,0.317,0.367,shea langeliers,ATH
677942,0.331,0.33,0.341,0.316,680,0.268,0.328,0.319,blaze alexander,BAL
643396,0.329,0.305,0.371,0.371,499,0.391,0.346,0.396,isiah kiner-falefa,BOS
660162,0.329,0.232,0.417,0.378,630,0.359,0.302,0.339,yoán moncada,LAA
669065,0.328,0.286,0.389,0.389,813,0.25,0.312,0.397,kyle stowers,MIA
671277,0.328,0.331,0.351,0.342,891,0.321,0.319,0.359,luis garcía,WSH
681715,0.328,0.315,0.415,0.323,589,0.355,0.322,0.381,heriberto hernandez,MIA
681481,0.326,0.262,0.367,0.343,728,0.356,0.333,0.331,kerry carpenter,DET
686668,0.325,0.296,0.364,0.336,510,0.448,0.371,0.364,brenton doyle,COL
666018,0.325,0.307,0.387,0.293,1255,0.446,0.452,0.401,jonathan aranda,TB
669016,0.322,0.31,0.291,0.308,1009,0.33,0.383,0.359,brandon marsh,PHI
669236,0.322,0.299,0.328,0.283,659,0.263,0.314,0.33,jeremiah jackson,BAL
678218,0.321,0.303,0.343,0.331,601,0.351,0.409,0.396,brandon valenzuela,TOR
621020,0.32,0.28,0.388,0.326,1139,0.35,0.329,0.332,dansby swanson,CHC
656537,0.32,0.286,0.41,0.289,453,0.326,0.332,0.353,derek hill,CWS
660821,0.319,0.291,0.337,0.305,866,0.363,0.39,0.368,jesús sánchez,TOR
701538,0.319,0.306,0.366,0.337,1202,0.534,0.387,0.341,jackson merrill,SD
700337,0.318,0.278,0.372,0.347,657,0.258,0.286,0.315,edgar quero,CWS
805999,0.318,0.27,0.392,0.326,525,0.29,0.277,0.349,a. j. ewing,NYM
646240,0.317,0.274,0.351,0.35,1273,0.347,0.395,0.341,rafael devers,SF
805779,0.317,0.324,0.218,0.335,663,0.418,0.339,0.385,jacob wilson,ATH
691788,0.316,0.282,0.329,0.28,455,0.31,0.378,0.363,joe mack,MIA
642086,0.316,0.272,0.367,0.312,675,0.388,0.341,0.371,dominic smith,ATL
681393,0.315,0.296,0.394,0.278,888,0.356,0.351,0.318,connor norby,MIA
677649,0.315,0.283,0.342,0.36,918,0.355,0.322,0.317,ezequiel duran,TEX
691785,0.315,0.295,0.414,0.314,801,0.481,0.444,0.407,marcelo mayer,BOS
666139,0.314,0.298,0.305,0.317,630,0.391,0.364,0.298,josh lowe,LAA
668804,0.314,0.279,0.423,0.271,1321,0.419,0.406,0.404,bryan reynolds,PIT
683737,0.313,0.275,0.408,0.341,1350,0.451,0.398,0.388,michael busch,CHC
670242,0.313,0.277,0.382,0.323,617,0.428,0.374,0.344,matt wallner,MIN
664983,0.312,0.293,0.324,0.299,772,0.34,0.316,0.304,jake mccarthy,COL
608369,0.312,0.295,0.421,0.268,825,0.508,0.447,0.388,corey seager,TEX
647304,0.311,0.291,0.347,0.343,1020,0.489,0.393,0.337,josh naylor,SEA
650859,0.31,0.259,0.314,0.295,860,0.346,0.349,0.328,luis rengifo,MIL
608348,0.31,0.275,0.365,0.311,770,0.336,0.393,0.355,carson kelly,CHC
645277,0.31,0.304,0.313,0.319,1177,0.331,0.346,0.363,ozzie albies,ATL
656555,0.31,0.276,0.392,0.346,904,0.338,0.294,0.304,rhys hoskins,CLE
608701,0.309,0.233,0.39,0.238,463,0.266,0.308,0.353,rob refsnyder,SEA
702332,0.307,0.251,0.347,0.283,873,0.374,0.352,0.338,caleb durbin,BOS
521692,0.307,0.286,0.344,0.355,1086,0.452,0.364,0.348,salvador pérez,KC
665862,0.306,0.266,0.389,0.299,1198,0.357,0.394,0.432,jazz chisholm,NYY
641584,0.306,0.314,0.384,0.355,431,0.35,0.307,0.315,jake fraley,TB
575929,0.306,0.26,0.376,0.302,1139,0.309,0.295,0.345,willson contreras,BOS
678246,0.305,0.245,0.442,0.29,1323,0.235,0.338,0.349,miguel vargas,CWS
663586,0.305,0.247,0.407,0.302,1225,0.306,0.311,0.311,austin riley,ATL
665019,0.305,0.256,0.36,0.323,967,0.244,0.276,0.29,kody clemens,MIN
656716,0.305,0.25,0.315,0.308,705,0.27,0.368,0.375,zach mckinstry,DET
664034,0.305,0.293,0.329,0.287,643,0.351,0.341,0.368,ty france,SD
666023,0.304,0.308,0.332,0.32,638,0.43,0.344,0.357,freddy fermin,SD
553993,0.304,0.253,0.398,0.288,757,0.482,0.42,0.404,eugenio suárez,CIN
690993,0.304,0.268,0.364,0.339,840,0.37,0.424,0.372,colt keith,DET
624424,0.303,0.244,0.428,0.275,538,0.357,0.323,0.33,michael conforto,CHC
650489,0.302,0.251,0.34,0.312,1038,0.342,0.312,0.303,willi castro,COL
666181,0.301,0.265,0.426,0.28,544,0.361,0.364,0.325,will benson,CIN
814439,0.301,0.205,0.428,0.308,498,0.267,0.277,0.326,ryan waldschmidt,AZ
666969,0.3,0.25,0.373,0.306,1152,0.293,0.302,0.318,adolis garcía,PHI
666182,0.3,0.263,0.289,0.28,1225,0.403,0.396,0.397,bo bichette,NYM
607043,0.299,0.265,0.355,0.327,1236,0.317,0.342,0.341,brandon nimmo,TEX
622761,0.299,0.235,0.329,0.289,458,0.294,0.324,0.331,jorge mateo,ATL
691023,0.299,0.276,0.359,0.326,1120,0.412,0.446,0.412,jordan walker,STL
643376,0.299,0.255,0.391,0.329,616,0.32,0.356,0.335,danny jansen,TEX
671732,0.298,0.278,0.373,0.356,852,0.259,0.27,0.328,lawrence butler,ATH
641343,0.298,0.256,0.415,0.297,1077,0.463,0.371,0.373,jake bauers,MIL
668715,0.298,0.225,0.426,0.311,1145,0.322,0.32,0.331,spencer steer,CIN
592206,0.297,0.249,0.363,0.241,525,0.448,0.387,0.363,nick castellanos,SD
665161,0.297,0.237,0.416,0.3,589,0.323,0.312,0.344,jeremy peña,HOU
663656,0.296,0.249,0.399,0.293,1245,0.342,0.371,0.357,kyle tucker,LAD
609280,0.296,0.298,0.273,0.288,808,0.382,0.341,0.345,miguel andújar,SD
694671,0.296,0.279,0.388,0.289,582,0.399,0.383,0.351,wyatt langford,TEX
702222,0.295,0.278,0.298,0.33,870,0.277,0.337,0.343,justin crawford,PHI
695657,0.295,0.253,0.409,0.275,1157,0.29,0.302,0.319,colson montgomery,CWS
592663,0.294,0.257,0.348,0.343,741,0.387,0.321,0.301,j. t. realmuto,PHI
642715,0.294,0.264,0.357,0.278,1208,0.27,0.328,0.313,willy adames,SF
656484,0.294,0.288,0.323,0.319,606,0.35,0.378,0.349,tristan gray,MIN
656305,0.293,0.219,0.369,0.304,1227,0.4,0.413,0.397,matt chapman,SF
547180,0.292,0.257,0.389,0.296,1200,0.469,0.416,0.395,bryce harper,PHI
669357,0.292,0.239,0.388,0.298,1006,0.395,0.386,0.314,nolan gorman,STL
681807,0.292,0.208,0.37,0.321,552,0.269,0.232,0.276,david fry,CLE
686469,0.291,0.235,0.357,0.289,1201,0.327,0.361,0.347,vinnie pasquantino,KC
663604,0.291,0.203,0.307,0.248,471,0.435,0.418,0.335,brandon lockridge,MIL
695600,0.291,0.26,0.36,0.273,1090,0.214,0.264,0.272,carter jensen,KC
663886,0.291,0.247,0.348,0.297,891,0.38,0.356,0.347,tyler stephenson,CIN
678662,0.29,0.3,0.27,0.252,1029,0.275,0.312,0.309,ezequiel tovar,COL
696030,0.29,0.199,0.319,0.29,442,0.431,0.363,0.347,alejandro osuna,TEX
643446,0.289,0.309,0.278,0.295,921,0.298,0.248,0.282,jeff mcneil,ATH
683953,0.289,0.214,0.403,0.325,731,0.281,0.283,0.293,travis bazzana,CLE
664728,0.289,0.255,0.356,0.312,714,0.317,0.31,0.329,kyle isbel,KC
683083,0.288,0.233,0.389,0.357,1026,0.191,0.3,0.287,nasim nuñez,WSH
543760,0.288,0.266,0.345,0.281,1110,0.378,0.333,0.343,marcus semien,NYM
665966,0.288,0.22,0.32,0.317,614,0.257,0.314,0.321,carlos narváez,BOS
665489,0.288,0.237,0.416,0.291,1079,0.375,0.376,0.38,vladimir guerrero,TOR
665487,0.288,0.245,0.399,0.318,1146,0.36,0.395,0.33,fernando tatís,SD
606192,0.288,0.232,0.35,0.324,924,0.176,0.252,0.292,teoscar hernández,LAD
687221,0.288,0.264,0.349,0.265,594,0.288,0.303,0.36,dalton rushing,LAD
545361,0.288,0.178,0.467,0.268,1487,0.264,0.266,0.278,mike trout,LAA
669394,0.288,0.212,0.374,0.31,1105,0.312,0.306,0.329,jake burger,TEX
666160,0.288,0.285,0.303,0.336,633,0.377,0.312,0.323,mickey moniak,COL
691718,0.287,0.265,0.34,0.285,1208,0.275,0.264,0.344,pete crow-armstrong,CHC
593428,0.287,0.185,0.394,0.29,1099,0.453,0.378,0.355,xander bogaerts,SD
701358,0.287,0.268,0.359,0.256,1148,0.38,0.308,0.295,cam smith,HOU
662139,0.286,0.265,0.284,0.231,978,0.325,0.29,0.313,daulton varsho,TOR
669004,0.286,0.195,0.391,0.278,524,0.273,0.286,0.289,mj melendez,NYM
671218,0.286,0.239,0.362,0.298,755,0.234,0.28,0.308,heliot ramos,SF
657656,0.286,0.236,0.363,0.335,927,0.267,0.3,0.292,ramón laureano,SD
518692,0.285,0.251,0.356,0.304,1364,0.269,0.274,0.309,freddie freeman,LAD
642708,0.285,0.277,0.258,0.326,456,0.321,0.318,0.364,amed rosario,NYY
671976,0.285,0.291,0.29,0.276,790,0.314,0.3,0.302,tristan peters,CWS
672275,0.285,0.272,0.353,0.331,629,0.394,0.367,0.361,patrick bailey,SF
687263,0.284,0.265,0.366,0.26,1344,0.295,0.313,0.333,zach neto,LAA
667670,0.284,0.239,0.384,0.274,785,0.283,0.348,0.37,brent rooker,ATH
664761,0.283,0.261,0.364,0.286,1056,0.369,0.335,0.341,alec bohm,PHI
682177,0.282,0.22,0.321,0.275,825,0.316,0.348,0.328,daniel schneemann,CLE
664040,0.282,0.245,0.348,0.333,1266,0.272,0.242,0.312,brandon lowe,PIT
670764,0.282,0.202,0.413,0.281,777,0.303,0.281,0.282,taylor walls,TB
677800,0.282,0.249,0.313,0.286,1186,0.41,0.345,0.285,wilyer abreu,BOS
596115,0.281,0.251,0.339,0.263,718,0.369,0.361,0.298,trevor story,BOS
680977,0.281,0.203,0.364,0.233,455,0.451,0.374,0.329,brendan donovan,SEA
686780,0.281,0.24,0.319,0.277,569,0.428,0.383,0.35,pedro pagés,STL
668904,0.281,0.272,0.298,0.298,712,0.337,0.321,0.335,royce lewis,MIN
605137,0.281,0.249,0.366,0.296,1179,0.24,0.245,0.276,josh bell,MIN
682998,0.281,0.267,0.359,0.325,1180,0.294,0.311,0.322,corbin carroll,AZ
607208,0.28,0.215,0.349,0.305,1252,0.245,0.296,0.355,trea turner,PHI
686452,0.28,0.256,0.305,0.26,489,0.444,0.408,0.339,drew millas,WSH
694497,0.28,0.199,0.415,0.325,1021,0.261,0.284,0.306,evan carter,TEX
655316,0.28,0.198,0.354,0.366,547,0.368,0.321,0.309,andruw monasterio,BOS
679529,0.28,0.229,0.384,0.323,1284,0.359,0.319,0.322,spencer torkelson,DET
621566,0.28,0.245,0.341,0.245,1431,0.346,0.248,0.258,matt olson,ATL
680869,0.28,0.242,0.339,0.25,830,0.424,0.35,0.34,zack gelof,ATH
673548,0.279,0.206,0.411,0.263,1020,0.298,0.252,0.285,seiya suzuki,CHC
519317,0.279,0.202,0.368,0.237,451,0.383,0.333,0.316,giancarlo stanton,NYY
665804,0.279,0.236,0.345,0.302,555,0.488,0.366,0.333,miguel amaya,CHC
683146,0.279,0.249,0.328,0.251,1057,0.296,0.303,0.286,brett baty,NYM
687363,0.279,0.233,0.391,0.273,724,0.238,0.322,0.296,victor scott,STL
666397,0.279,0.264,0.383,0.291,914,0.264,0.35,0.358,edouard julien,COL
802415,0.279,0.219,0.366,0.309,932,0.29,0.306,0.327,chandler simpson,TB
621439,0.278,0.233,0.385,0.257,1060,0.371,0.289,0.285,byron buxton,MIN
657041,0.278,0.23,0.373,0.298,773,0.25,0.29,0.304,lane thomas,KC
650402,0.278,0.214,0.412,0.221,863,0.354,0.349,0.304,gleyber torres,DET
696285,0.278,0.181,0.373,0.316,957,0.309,0.349,0.316,jacob young,WSH
683357,0.278,0.233,0.392,0.285,857,0.283,0.312,0.309,owen caissie,MIA
656775,0.278,0.237,0.337,0.322,1030,0.378,0.326,0.324,cedric mullins,TB
673962,0.278,0.242,0.384,0.291,1063,0.266,0.291,0.317,josh jung,TEX
665833,0.276,0.25,0.392,0.279,1228,0.383,0.336,0.325,oneil cruz,PIT
663968,0.276,0.249,0.231,0.282,638,0.385,0.343,0.292,jake mangum,PIT
687637,0.276,0.219,0.379,0.252,515,0.331,0.326,0.31,dylan beavers,BAL
660271,0.276,0.237,0.375,0.247,1288,0.222,0.295,0.307,shohei ohtani,LAD
643289,0.275,0.218,0.301,0.285,1060,0.321,0.294,0.296,mauricio dubón,ATL
663743,0.275,0.288,0.257,0.241,662,0.343,0.343,0.348,nick fortes,TB
669224,0.275,0.201,0.395,0.246,732,0.256,0.261,0.298,austin wells,NYY
681351,0.274,0.21,0.377,0.283,696,0.279,0.236,0.284,logan o'hoppe,LAA
664770,0.274,0.218,0.345,0.244,587,0.234,0.247,0.281,nathan lukes,TOR
676391,0.274,0.278,0.201,0.273,891,0.391,0.402,0.368,ernie clement,TOR
807713,0.274,0.199,0.292,0.285,541,0.278,0.282,0.314,matt shaw,CHC
669257,0.273,0.189,0.38,0.269,911,0.202,0.279,0.274,will smith,LAD
681198,0.273,0.274,0.318,0.294,1127,0.323,0.343,0.3,tj rumfield,COL
620443,0.273,0.225,0.323,0.31,538,0.347,0.323,0.308,luis torrens,NYM
805811,0.272,0.227,0.384,0.301,540,0.315,0.291,0.287,bryce eldridge,SF
667472,0.272,0.194,0.416,0.308,548,0.209,0.205,0.274,dane myers,CIN
805300,0.272,0.202,0.373,0.273,1197,0.33,0.355,0.3,jakob marsee,MIA
682985,0.271,0.225,0.382,0.255,1334,0.437,0.336,0.33,riley greene,DET
641598,0.271,0.219,0.391,0.333,516,0.234,0.297,0.282,mitch garver,SEA
671289,0.271,0.216,0.36,0.275,623,0.276,0.323,0.283,tyler freeman,COL
630105,0.271,0.186,0.358,0.294,550,0.338,0.31,0.3,jake cronenworth,SD
691016,0.271,0.229,0.38,0.261,1137,0.19,0.228,0.248,tyler soderstrom,ATH
680574,0.271,0.2,0.378,0.319,1127,0.364,0.304,0.321,matt mclain,CIN
671056,0.27,0.241,0.324,0.287,1272,0.348,0.289,0.286,iván herrera,STL
665926,0.27,0.259,0.255,0.288,925,0.262,0.279,0.306,andrés giménez,TOR
672724,0.27,0.248,0.322,0.244,877,0.233,0.311,0.309,oswald peraza,LAA
687462,0.27,0.219,0.352,0.283,1140,0.329,0.308,0.275,spencer horwitz,PIT
691720,0.27,0.188,0.383,0.291,1066,0.358,0.357,0.348,kyle karros,COL
686527,0.27,0.212,0.352,0.255,726,0.29,0.279,0.275,dominic canzone,SEA
807712,0.27,0.218,0.372,0.289,1076,0.409,0.389,0.349,luke keaschall,MIN
686948,0.269,0.249,0.311,0.241,900,0.426,0.337,0.313,drake baldwin,ATL
663993,0.269,0.189,0.363,0.261,796,0.34,0.364,0.333,nathaniel lowe,CIN
808975,0.269,0.206,0.33,0.217,588,0.227,0.28,0.284,hyeseong kim,LAD
650490,0.268,0.209,0.363,0.241,1155,0.371,0.395,0.325,yandy díaz,TB
695734,0.268,0.256,0.338,0.262,1170,0.414,0.334,0.307,daylen lile,WSH
664023,0.268,0.206,0.377,0.267,1339,0.266,0.313,0.323,ian happ,CHC
663757,0.268,0.215,0.433,0.254,1124,0.369,0.323,0.271,trent grisham,NYY
664056,0.268,0.26,0.292,0.333,437,0.289,0.343,0.302,harrison bader,SF
624585,0.267,0.202,0.392,0.277,1066,0.185,0.219,0.279,jorge soler,LAA
502671,0.267,0.237,0.325,0.292,722,0.261,0.304,0.31,paul goldschmidt,NYY
677587,0.267,0.242,0.275,0.279,1059,0.308,0.368,0.368,brayan rocchio,CLE
686681,0.267,0.224,0.332,0.258,611,0.297,0.313,0.298,michael massey,KC
650333,0.267,0.239,0.23,0.279,1136,0.359,0.326,0.314,luis arráez,SF
682829,0.266,0.228,0.376,0.304,1119,0.281,0.291,0.283,elly de la cruz,CIN
691777,0.266,0.234,0.318,0.268,537,0.337,0.32,0.356,max muncy,ATH
680700,0.266,0.23,0.314,0.296,691,0.378,0.335,0.318,richie palacios,TB
691723,0.266,0.198,0.352,0.221,860,0.312,0.261,0.282,coby mayo,BAL
661388,0.266,0.214,0.381,0.295,1045,0.318,0.273,0.302,william contreras,MIL
687231,0.266,0.209,0.329,0.248,564,0.329,0.334,0.311,darell hernaiz,ATH
669003,0.265,0.228,0.391,0.287,977,0.254,0.244,0.284,garrett mitchell,MIL
500743,0.265,0.197,0.368,0.232,483,0.287,0.304,0.304,miguel rojas,LAD
668901,0.265,0.22,0.335,0.229,785,0.24,0.258,0.267,mark vientos,NYM
804606,0.265,0.223,0.322,0.23,846,0.187,0.266,0.264,konnor griffin,PIT
670042,0.264,0.235,0.369,0.296,885,0.405,0.314,0.291,luke raley,SEA
666152,0.264,0.213,0.327,0.251,840,0.42,0.356,0.355,david hamilton,MIL
680777,0.264,0.173,0.435,0.267,690,0.288,0.264,0.266,ryan jeffers,MIN
687551,0.264,0.22,0.376,0.27,656,0.223,0.271,0.288,drew gilbert,SF
680728,0.264,0.176,0.397,0.3,569,0.254,0.261,0.253,adrian del castillo,AZ
681297,0.264,0.207,0.367,0.204,812,0.236,0.28,0.275,colton cowser,BAL
660844,0.263,0.172,0.427,0.296,630,0.222,0.232,0.268,leo rivas,SEA
668885,0.263,0.206,0.408,0.265,987,0.386,0.393,0.351,austin martin,MIN
699912,0.263,0.194,0.309,0.282,688,0.4,0.323,0.312,jose fernandez,AZ
702284,0.262,0.214,0.335,0.274,1204,0.356,0.397,0.317,cole young,SEA
663647,0.262,0.206,0.372,0.198,484,0.236,0.25,0.275,ke'bryan hayes,CIN
624641,0.262,0.261,0.212,0.373,492,0.348,0.381,0.307,edmundo sosa,PHI
669701,0.262,0.191,0.369,0.194,515,0.308,0.293,0.308,josh smith,TEX
641487,0.262,0.168,0.421,0.235,978,0.229,0.261,0.297,j. p. crawford,SEA
676439,0.261,0.195,0.346,0.287,444,0.326,0.338,0.281,hunter feduccia,TB
694192,0.261,0.181,0.407,0.269,689,0.316,0.263,0.258,jackson chourio,MIL
701762,0.261,0.199,0.399,0.247,1479,0.303,0.284,0.297,nick kurtz,ATH
670770,0.261,0.222,0.368,0.26,717,0.242,0.266,0.275,tj friedl,CIN
571970,0.26,0.196,0.332,0.268,1127,0.24,0.254,0.246,max muncy,LAD
807799,0.26,0.204,0.301,0.246,631,0.224,0.241,0.277,masataka yoshida,BOS
666126,0.259,0.252,0.308,0.3,844,0.26,0.228,0.274,carlos cortes,ATH
641857,0.259,0.241,0.31,0.256,833,0.241,0.276,0.315,ryan mcmahon,NYY
682928,0.258,0.232,0.306,0.28,1220,0.31,0.315,0.279,cj abrams,WSH
663728,0.258,0.222,0.334,0.274,868,0.281,0.281,0.273,cal raleigh,SEA
592450,0.258,0.201,0.382,0.238,1172,0.301,0.295,0.307,aaron judge,NYY
678554,0.258,0.178,0.385,0.228,932,0.316,0.292,0.259,curtis mead,WSH
543807,0.257,0.215,0.375,0.324,971,0.216,0.233,0.291,george springer,TOR
695578,0.257,0.192,0.421,0.227,1580,0.386,0.318,0.296,james wood,WSH
641933,0.257,0.203,0.39,0.25,584,0.256,0.269,0.274,tyler o'neill,BAL
592626,0.257,0.194,0.38,0.266,931,0.192,0.227,0.28,joc pederson,TEX
686797,0.256,0.25,0.298,0.277,1127,0.311,0.292,0.309,brooks lee,MIN
694208,0.256,0.22,0.369,0.312,730,0.372,0.343,0.363,moisés ballesteros,CHC
694728,0.256,0.191,0.388,0.229,816,0.172,0.249,0.293,brice matthews,HOU
686555,0.256,0.199,0.371,0.275,954,0.324,0.25,0.272,isaac collins,KC
641355,0.256,0.209,0.358,0.289,1166,0.385,0.351,0.324,cody bellinger,NYY
592518,0.255,0.22,0.334,0.248,1190,0.369,0.304,0.294,manny machado,SD
677588,0.255,0.241,0.337,0.252,632,0.377,0.33,0.27,josé tena,WSH
808982,0.254,0.202,0.297,0.283,1008,0.312,0.322,0.321,jung hoo lee,SF
656941,0.253,0.212,0.36,0.259,1369,0.228,0.229,0.264,kyle schwarber,PHI
672761,0.253,0.182,0.339,0.327,691,0.22,0.267,0.249,wenceel pérez,DET
608324,0.253,0.189,0.352,0.268,1339,0.289,0.225,0.268,alex bregman,CHC
669477,0.253,0.235,0.296,0.224,1033,0.223,0.278,0.293,casey schmitt,SF
660688,0.252,0.272,0.197,0.203,551,0.421,0.427,0.317,keibert ruiz,WSH
677594,0.252,0.177,0.358,0.208,1286,0.29,0.251,0.253,julio rodríguez,SEA
691594,0.252,0.258,0.244,0.253,596,0.292,0.267,0.281,javier sanoja,MIA
621493,0.251,0.154,0.454,0.258,1456,0.305,0.265,0.292,taylor ward,BAL
695506,0.251,0.194,0.381,0.215,985,0.265,0.245,0.261,jac caglianone,KC
810938,0.25,0.194,0.318,0.249,775,0.321,0.301,0.31,ben williamson,TB
690976,0.25,0.193,0.397,0.214,744,0.265,0.32,0.293,alex freeland,LAD
802139,0.25,0.186,0.405,0.242,1256,0.205,0.222,0.257,jj wetherholt,STL
596019,0.25,0.205,0.352,0.259,544,0.277,0.286,0.269,francisco lindor,NYM
671739,0.25,0.264,0.24,0.249,972,0.468,0.386,0.343,michael harris,ATL
666310,0.249,0.207,0.346,0.27,473,0.282,0.254,0.263,bo naylor,CLE
672960,0.249,0.217,0.343,0.251,1276,0.205,0.281,0.283,kazuma okamoto,TOR
676914,0.249,0.146,0.404,0.236,486,0.214,0.22,0.221,davis schneider,TOR
665742,0.249,0.191,0.421,0.252,948,0.24,0.246,0.288,juan soto,NYM
701398,0.249,0.191,0.362,0.238,1350,0.308,0.31,0.265,sal stewart,CIN
676475,0.248,0.212,0.3,0.233,1156,0.155,0.236,0.257,alec burleson,STL
700932,0.248,0.203,0.318,0.266,988,0.348,0.316,0.346,kyle manzardo,CLE
683002,0.248,0.225,0.341,0.28,1353,0.203,0.26,0.251,gunnar henderson,BAL
694212,0.247,0.208,0.316,0.192,842,0.328,0.352,0.274,samuel basallo,BAL
668939,0.246,0.18,0.332,0.275,950,0.324,0.269,0.301,adley rutschman,BAL
668930,0.246,0.206,0.32,0.268,1308,0.259,0.277,0.31,brice turang,MIL
596142,0.245,0.147,0.389,0.222,607,0.255,0.308,0.292,gary sánchez,MIL
606466,0.245,0.183,0.334,0.241,1129,0.229,0.21,0.235,ketel marte,AZ
689414,0.245,0.208,0.309,0.272,1044,0.411,0.351,0.321,liam hicks,MIA
691026,0.245,0.18,0.324,0.259,1143,0.278,0.256,0.289,masyn winn,STL
687859,0.245,0.211,0.305,0.238,972,0.242,0.276,0.269,troy johnston,COL
803011,0.244,0.196,0.344,0.223,863,0.28,0.236,0.235,sam antonacci,CWS
682626,0.244,0.174,0.332,0.18,632,0.195,0.255,0.267,francisco álvarez,NYM
800050,0.243,0.214,0.348,0.26,1115,0.144,0.206,0.208,chase delauter,CLE
608070,0.243,0.193,0.329,0.251,1354,0.201,0.316,0.291,josé ramírez,CLE
543877,0.243,0.199,0.312,0.253,675,0.185,0.25,0.261,christian vázquez,HOU
681624,0.243,0.238,0.266,0.222,1309,0.334,0.288,0.305,andy pages,LAD
678882,0.242,0.203,0.292,0.228,1064,0.333,0.351,0.285,ceddanne rafaela,BOS
624413,0.242,0.176,0.358,0.257,1397,0.192,0.256,0.249,pete alonso,BAL
682818,0.242,0.187,0.319,0.277,496,0.277,0.297,0.289,yohendrick pinango,TOR
676356,0.241,0.191,0.285,0.221,514,0.245,0.263,0.286,jonny deluca,TB
805808,0.241,0.2,0.374,0.221,1335,0.374,0.233,0.23,kevin mcgonigle,DET
680776,0.241,0.178,0.321,0.262,1141,0.338,0.29,0.252,jarren duran,BOS
668227,0.241,0.193,0.344,0.272,1292,0.31,0.333,0.281,randy arozarena,SEA
808959,0.241,0.177,0.419,0.198,1176,0.276,0.246,0.253,munetaka murakami,CWS
679845,0.24,0.178,0.398,0.237,525,0.313,0.266,0.276,nick loftin,KC
683734,0.24,0.201,0.345,0.239,480,0.21,0.25,0.277,andrew vaughn,MIL
676609,0.237,0.21,0.287,0.213,914,0.274,0.218,0.244,josé caballero,NYY
670623,0.237,0.173,0.329,0.218,1285,0.136,0.159,0.217,isaac paredes,HOU
663616,0.237,0.174,0.346,0.269,861,0.202,0.283,0.299,trevor larnach,MIN
669743,0.236,0.155,0.396,0.233,513,0.215,0.223,0.212,alex call,LAD
672580,0.236,0.155,0.406,0.218,1125,0.182,0.222,0.252,maikel garcía,KC
700250,0.235,0.191,0.361,0.22,1210,0.398,0.335,0.304,ben rice,NYY
592885,0.235,0.205,0.313,0.249,831,0.316,0.307,0.267,christian yelich,MIL
805367,0.234,0.153,0.296,0.245,1289,0.269,0.224,0.236,chase meidroth,CWS
543309,0.233,0.122,0.406,0.292,574,0.252,0.261,0.247,kyle higashioka,TEX
573262,0.233,0.163,0.354,0.239,887,0.174,0.21,0.213,mike yastrzemski,ATL
687093,0.231,0.144,0.331,0.23,605,0.262,0.265,0.273,vaughn grissom,LAA
686217,0.231,0.151,0.337,0.284,1008,0.185,0.211,0.27,sal frelick,MIL
605141,0.231,0.177,0.339,0.262,714,0.239,0.234,0.233,mookie betts,LAD
687401,0.229,0.197,0.299,0.214,728,0.243,0.26,0.289,joey ortiz,MIL
701675,0.229,0.226,0.222,0.234,748,0.248,0.224,0.223,nathan church,STL
677951,0.228,0.192,0.309,0.218,1239,0.235,0.31,0.258,bobby witt,KC
693307,0.228,0.171,0.327,0.25,1118,0.272,0.275,0.237,dillon dingler,DET
670541,0.228,0.199,0.325,0.175,1333,0.188,0.188,0.28,yordan álvarez,HOU
621043,0.227,0.158,0.345,0.212,629,0.241,0.306,0.267,carlos correa,HOU
663837,0.227,0.175,0.25,0.204,820,0.284,0.331,0.297,matt vierling,DET
542303,0.225,0.155,0.352,0.253,983,0.233,0.213,0.221,marcell ozuna,PIT
672640,0.224,0.175,0.255,0.229,1148,0.271,0.239,0.227,otto lopez,MIA
669707,0.223,0.189,0.338,0.206,564,0.262,0.244,0.241,jared triolo,PIT
605170,0.223,0.169,0.351,0.222,785,0.234,0.219,0.264,víctor caratini,MIN
663538,0.223,0.181,0.266,0.23,1240,0.37,0.311,0.279,nico hoerner,CHC
682668,0.222,0.178,0.325,0.223,501,0.261,0.249,0.264,luisangel acuña,CWS
514888,0.221,0.164,0.371,0.196,843,0.243,0.221,0.255,josé altuve,HOU
656811,0.219,0.185,0.296,0.228,1030,0.235,0.226,0.239,ryan o'hearn,PIT
664702,0.219,0.191,0.328,0.238,508,0.238,0.297,0.307,myles straw,TOR
672515,0.217,0.151,0.293,0.257,844,0.219,0.206,0.221,gabriel moreno,AZ
672695,0.214,0.134,0.343,0.222,1244,0.378,0.301,0.241,geraldo perdomo,AZ
694384,0.213,0.196,0.293,0.233,993,0.246,0.225,0.243,nolan schanuel,LAA
681082,0.213,0.152,0.266,0.258,1079,0.19,0.248,0.255,bryson stott,PHI
669364,0.213,0.141,0.359,0.239,1261,0.269,0.188,0.225,xavier edwards,MIA
691406,0.212,0.17,0.321,0.168,1251,0.308,0.277,0.252,junior caminero,TB
672820,0.211,0.154,0.265,0.177,484,0.171,0.196,0.22,lenyn sosa,TOR
545121,0.21,0.184,0.135,0.187,903,0.224,0.243,0.254,ildemaro vargas,AZ
701807,0.209,0.185,0.266,0.236,1191,0.243,0.282,0.239,carson benge,NYM
678489,0.208,0.149,0.316,0.237,566,0.243,0.249,0.243,jorge barrosa,AZ
665877,0.206,0.143,0.34,0.212,510,0.228,0.219,0.242,josé fermín,STL
624428,0.205,0.149,0.255,0.157,469,0.189,0.177,0.209,adam frazier,LAA
571448,0.204,0.146,0.308,0.188,1093,0.206,0.181,0.267,nolan arenado,AZ
680757,0.203,0.12,0.362,0.181,1182,0.176,0.174,0.2,steven kwan,CLE
657757,0.197,0.12,0.28,0.196,1037,0.246,0.183,0.212,gavin sheets,SD
701350,0.193,0.111,0.331,0.226,602,0.212,0.201,0.212,roman anthony,BOS
